s2id,latitude,longitude,label,sublabel,iso3
9049e13b,-5.067685936941914,-81.10363378943028,Paita,,PER
9105cdb3,-11.998229371183497,-77.13626204068692,Callao,,PER
91106351,-13.811829307505585,-76.26145774251077,Paracas,,PER
903696b3,-4.09788,-81.06007,Máncora,,PER
90339247,-3.5015946611314916,-80.39361013516123,Puerto Pizarro,,PER
91445b6b,-17.63127073846154,-71.35309128205385,Ilo,,PER
911064c1,-13.776923030647685,-76.25087987829583,Puerto Pisco,,PER
91445ca1,-17.609324528571427,-71.3626907,Ilo,,PER
904cfaeb,-6.840086,-79.9428945,Pimentel,,PER
9115dc2f,-15.569561470588235,-74.86299205882354,Puerto de Lomas,,PER
913fec57,-16.22239,-73.70759363636364,La Punta,,PER
913fec59,-16.2219,-73.7133,La Punta,,PER
90364441,-4.568710509242272,-81.27750830577469,Talara,,PER
9052abb5,-7.698730483870968,-79.44470731182795,Malabrigo,,PER
914519ed,-18.00042037974684,-70.89296582278484,Puerto Grau,,PER
9036929b,-4.1739865610780535,-81.13337373615681,Los Organos,,PER
9105cb63,-12.050774486458335,-77.16327907291665,Callao,,PER
9105cded,-11.970753333333333,-77.12504,Callao,,PER
91ab8113,-9.072274618055555,-78.59616118055557,Chimbote,,PER
91aa393b,-9.947514150943393,-78.23237987169813,Culebras,,PER
9049e203,-5.0087,-81.073199,Colán,,PER
9105cc4d,-12.001812502893696,-77.1363942988071,Callao,,PER
9105b7a3,-12.165327272727271,-77.03546363636363,Muelle Pescadores,,PER
9115dc37,-15.568091280338267,-74.85596228287524,Puerto de Lomas,,PER
904ce4b3,-6.884823975155279,-79.91548397515528,Santa Rosa,,PER
91ab837b,-9.1501,-78.575699,Chimbote,,PER
9105cd91,-11.9704384,-77.1323270125,Callao,,PER
91ab8369,-9.158686,-78.583111,Chimbote,,PER
91067fef,-11.767741183429338,-77.17775907856662,Ancon,,PER
91ab8301,-9.14700623468208,-78.61008123699423,Chimbote,,PER
91445b71,-17.6278,-71.3451,Ilo,,PER
9049702d,-5.818678947153526,-81.03046660618284,Bajovar,,PER
9036a381,-3.9429979903116017,-80.94078387805708,Cancas,,PER
91ab845f,-9.1386,-78.5428,Chimbote,,PER
9049dd79,-5.12756452933045,-81.17182204654961,Yacila,,PER
91106369,-13.818593333333334,-76.24727666666666,Paracas,,PER
9144454b,-17.68672714285714,-71.38470307142856,Lisas,,PER
91ab8311,-9.156140111111112,-78.59515677777777,Chimbote,,PER
9033f88b,-3.6763,-80.6771,Zorritos,,PER
911064db,-13.763,-76.25462814285714,Puerto Pisco,,PER
91059fd7,-12.474426666666666,-76.79015666666666,Pucusana,,PER
9033f717,-3.6368200018998134,-80.59989837917931,Caleta Cruz,,PER
91451995,-17.99310761416983,-70.88700959040885,Puerto Grau,,PER
9049e131,-5.07233465643274,-81.10364863952482,Paita,,PER
9105cc83,-12.045365348050636,-77.1580874353221,Callao,,PER
9110635b,-13.812757161997876,-76.25642044631415,Paracas,,PER
9049e169,-5.058924454545455,-81.09096518181819,Paita,,PER
904964db,-5.838439492198815,-80.93357067426646,DPA Galileo,,PER
91ab8229,-9.1001,-78.621,Chimbote,,PER
91068f33,-11.577690608444449,-77.28800126685715,Chancay,,PER
91445adb,-17.669269630507767,-71.36836310919547,Lisas,,PER
91068f4b,-11.584331615384615,-77.29097430769231,Chancay,,PER
90364415,-4.572494204545454,-81.27345317045454,Talara,,PER
90497e59,-5.714308114485789,-80.8527402888481,Mata Cavallo,,PER
90369153,-4.1058617220987115,-81.06920098714104,Máncora,,PER
91aa16f5,-10.094277553787883,-78.17414313522727,Huarney,,PER
91ab8405,-9.10527757693893,-78.5569608263897,Chimbote,,PER
91ab83fd,-9.101996455572067,-78.57632400594358,Chimbote,,PER
91ab9a41,-9.247200573393158,-78.50244627241928,Samanco,,PER
91ab9a31,-9.254984666666667,-78.51089477777778,Samanco,,PER
91059fc3,-12.465824444444443,-76.79977111111111,Pucusana,,PER
9036a325,-3.969,-80.976,Punta Sal,,PER
9036928f,-4.16987,-81.12977339285715,Los Organos,,PER
90497c5b,-5.773409986867473,-80.86649118799474,Parachique,,PER
9106df59,-11.088394125876103,-77.64042836634877,Carquin,,PER
904971cd,-5.816195052453256,-81.03391820733817,Bajovar,,PER
9052aa2d,-7.6956088,-79.4606132,Malabrigo,,PER
91445ab5,-17.685047784946235,-71.37853805376344,Lisas,,PER
9052abad,-7.7014,-79.43515,Malabrigo,,PER
91ab848b,-9.1435,-78.5466,Chimbote,,PER
91445ba1,-17.633762927038628,-71.33274955364809,Ilo,,PER
9105cb7b,-12.05584556559913,-77.15506006756726,Callao,,PER
9033f85f,-3.6724319539890895,-80.6726656621472,Zorritos,,PER
904964d1,-5.8352914534305125,-80.93370731213454,DPA Galileo,,PER
91406f65,-16.404805057468966,-73.2165148275862,La Planchada,,PER
91ab849d,-9.154732816537466,-78.56110754521964,Chimbote,,PER
9105d279,-11.955679891187577,-77.14179465091188,Callao,,PER
903401b3,-3.7355340952380955,-80.77792404761904,Acapulco,,PER
9049dd83,-5.120995487671233,-81.17258891780818,Yacila,,PER
90497efb,-5.707204240740744,-80.86055495185184,Mata Cavallo,,PER
91168a2d,-15.245736948750004,-75.25468256125002,San Nicolas,,PER
9036f2dd,-4.215209347899918,-81.18031088169364,Ñuro,,PER
9105cc53,-12.001715194053473,-77.13916020873265,Callao,,PER
9036446b,-4.570459915611815,-81.27349166666669,Talara,,PER
904ce307,-6.935905824,-79.87926403999998,Muelle de Etén,,PER
91168a49,-15.24988,-75.27439,San Nicolas,,PER
91055797,-13.023922857157142,-76.4887454285857,Cerro Azul,,PER
91445acf,-17.675239311627056,-71.37293130990237,Lisas,,PER
91ace393,-8.398440880121214,-78.90268959090912,Morin,,PER
903692a3,-4.174636666666666,-81.14310333333333,Los Organos,,PER
9036f3c1,-4.243251153846154,-81.23217994230768,Cabo Blanco,,PER
91ab841f,-9.100766666666667,-78.54806666666667,Chimbote,,PER
90369291,-4.172013760030089,-81.13490044007017,Los Organos,,PER
9049e153,-5.078025389072297,-81.08420241664874,Paita,,PER
91415aef,-17.01390386396182,-72.10655823078757,El Faro,,PER
9105cc75,-12.043019333333334,-77.13042003333334,Callao,,PER
9105ccff,-12.005703132291664,-77.15220942118754,Callao,,PER
904971d3,-5.819830375966938,-81.03394858252874,Bajovar,,PER
913fecf1,-16.23233909090909,-73.71411545454545,La Punta,,PER
9049e145,-5.070653560850223,-81.08911174948102,Paita,,PER
91166339,-15.347531914893617,-75.16972269361703,Acari,,PER
90497c4f,-5.771623098394392,-80.8641761907822,Parachique,,PER
91ab8233,-9.1142066,-78.6168076,Chimbote,,PER
9115dc3b,-15.565705604130088,-74.85688567071648,Puerto de Lomas,,PER
9145199b,-17.98556,-70.89289,Puerto Grau,,PER
90497c45,-5.769237650832174,-80.8681820120233,Parachique,,PER
91168997,-15.25622123493976,-75.22611568373495,San Nicolas,,PER
9105cc41,-12.0229,-77.1292,Callao,,PER
904cfb4b,-6.8814752592592585,-79.92315481481482,Santa Rosa,,PER
9115dc25,-15.565006240601505,-74.86263120300751,Puerto de Lomas,,PER
91ab8147,-9.08082180327869,-78.58250819672134,Chimbote,,PER
9049e0e9,-5.058859339130438,-81.1359169843478,Paita,,PER
9105ccf7,-12.015475,-77.15343,Callao,,PER
9033924f,-3.499809002334631,-80.39416354085604,Puerto Pizarro,,PER
9049e21f,-5.0151629785714285,-81.07408742857143,Colán,,PER
91ab810d,-9.071880872,-78.60085775999998,Chimbote,,PER
904ce3ab,-6.937344438023952,-79.87348831137723,Muelle de Etén,,PER
91106337,-13.827958343688918,-76.2598552536286,Paracas,,PER
9105cb15,-12.07347,-77.17078833333333,Callao,,PER
9106df1b,-11.119578224023671,-77.62090860008941,Huacho,,PER
9105cb9d,-12.0599308,-77.1483076,Callao,,PER
9105d20b,-11.95129,-77.12548,Callao,,PER
9036f3bf,-4.243327330316743,-81.22812891402715,Cabo Blanco,,PER
9105cc89,-12.031114,-77.153394,Callao,,PER
91445b65,-17.620943333333333,-71.35175333333333,Ilo,,PER
903693ff,-4.103863329787233,-81.07716289680852,Máncora,,PER
9110633f,-13.828734928251235,-76.2533957449408,Paracas,,PER
903696ab,-4.100341,-81.072534859375,Máncora,,PER
9052abcb,-7.698216315789473,-79.44885276315789,Malabrigo,,PER
904cf117,-6.7630203333333325,-79.981788,San José,,PER
91ab8131,-9.0692275,-78.5763125,Chimbote,,PER
9049e12b,-5.079728097843481,-81.11433991044524,Paita,,PER
914111fb,-16.716862396945494,-72.43439473096234,Quilca,,PER
91ab8183,-9.091342666666668,-78.61611033333334,Chimbote,,PER
91445b9d,-17.62521,-71.33374,Ilo,,PER
913fece5,-16.238691509433963,-73.70739518867926,La Punta,,PER
91445b5f,-17.6139,-71.359,Ilo,,PER
9034004d,-3.7352,-80.77759975,Acapulco,,PER
9036a47f,-3.937917,-80.94,Cancas,,PER
9036a481,-3.9373916,-80.94510424,Cancas,,PER
9049e15b,-5.068629769230769,-81.08553559743588,Paita,,PER
9033f6e1,-3.6355435968060426,-80.58728035726794,Caleta Cruz,,PER
91ab814f,-9.084113133333334,-78.57596866666667,Chimbote,,PER
9049dd77,-5.126462552215674,-81.17496877548807,Yacila,,PER
91166337,-15.348216769230765,-75.16386280153844,Acari,,PER
91ab823b,-9.111466111111111,-78.62404311111112,Chimbote,,PER
9105cd9d,-11.96794193548387,-77.14378588709674,Callao,,PER
91445b7f,-17.6157,-71.3405,Ilo,,PER
9036a32f,-3.973514,-80.977128,Punta Sal,,PER
904d4675,-7.397464935064935,-79.58751675324675,Playa Pacasmayo,,PER
9049e17d,-5.047317782352942,-81.08074294117647,Paita,,PER
904964cf,-5.83529087,-80.9313134730952,DPA Galileo,,PER
91106345,-13.819271732105447,-76.25374974507974,Paracas,,PER
904964c5,-5.837635678353989,-80.93135007926672,DPA Galileo,,PER
91445b41,-17.63504,-71.3641,Ilo,,PER
91ad18fd,-8.210155087907845,-78.97735261987441,Salaverry,,PER
90497eed,-5.717027508889956,-80.86909371672272,Mata Cavallo,,PER
910720a7,-11.086226801118066,-77.6397607324365,Carquin,,PER
91ac7ff5,-9.012047826086956,-78.63452608695653,Coishco,,PER
903692bd,-4.171143,-81.142191,Los Organos,,PER
91445ad1,-17.6662748625,-71.3717833,Lisas,,PER
914519bf,-17.993253934036677,-70.88251472278289,Puerto Grau,,PER
91ab831b,-9.1567682,-78.6024322,Chimbote,,PER
913fecef,-16.240560769230765,-73.71339846153847,La Punta,,PER
9036f395,-4.245951263736263,-81.2280832967033,Cabo Blanco,,PER
90497033,-5.816018837854658,-81.0295305200264,Bajovar,,PER
91ab8013,-9.024083184369339,-78.6350041783342,Coishco,,PER
9049e1ff,-5.0030524725274725,-81.08071124175822,Colán,,PER
91168a33,-15.246353333333333,-75.26183166666667,San Nicolas,,PER
9106df0f,-11.117234647580103,-77.61850189155149,Huacho,,PER
9105b797,-12.162205265483598,-77.0323234295287,Muelle Pescadores,,PER
9036914d,-4.1044012,-81.0640228,Máncora,,PER
9049e095,-5.059222567567569,-81.14318840540544,Paita,,PER
91ab8345,-9.1688,-78.5806,Chimbote,,PER
90365bc7,-4.448225555555556,-81.27976333333334,Lobitos,,PER
91ab86cb,-9.07335,-78.56321,Chimbote,,PER
91ab86a9,-9.0970608415493,-78.55833258098586,Chimbote,,PER
9033f861,-3.6750808179669088,-80.67306612081799,Zorritos,,PER
91ab8159,-9.096503389830511,-78.58014724830505,Chimbote,,PER
9105cb5d,-12.055505,-77.1725325,Callao,,PER
91abbbfb,-9.446806,-78.395278,Casma,,PER
9033f6df,-3.631973367631212,-80.58627720041592,Caleta Cruz,,PER
91067fe5,-11.7652303030303,-77.18845848484848,Ancon,,PER
90497e57,-5.708566006135182,-80.85247410017331,Mata Cavallo,,PER
91ab8169,-9.083520449060826,-78.59424138545816,Chimbote,,PER
914519f3,-18.0016866462963,-70.89916677592593,Puerto Grau,,PER
9049e0c7,-5.070473199405483,-81.13996512648605,Paita,,PER
91ab8157,-9.093475815306125,-78.57263969387753,Chimbote,,PER
9033f73d,-3.6314008343728568,-80.60128351880046,Caleta Cruz,,PER
90339251,-3.496849665140439,-80.40315878286074,Puerto Pizarro,,PER
91ab8463,-9.13968,-78.55139,Chimbote,,PER
9049e0b9,-5.070672443829517,-81.14560891217134,Paita,,PER
9036a37f,-3.9425888930817616,-80.94561512704402,Cancas,,PER
91ab840d,-9.115338720297274,-78.5601568613109,Chimbote,,PER
9049c25b,-5.212023793069194,-81.19435542082908,Islilla,,PER
9105cb8d,-12.0556,-77.1286,Callao,,PER
91ab8483,-9.150375,-78.56486333333334,Chimbote,,PER
9105d275,-11.95313007586207,-77.12777838620688,Callao,,PER
9033f719,-3.6347690956519934,-80.59639366759981,Caleta Cruz,,PER
91106311,-13.83035,-76.24067,Paracas,,PER
91ab813d,-9.069004936708861,-78.58621708860761,Chimbote,,PER
91451987,-17.983817777777777,-70.90152444444443,Puerto Grau,,PER
91abbbef,-9.454823496774194,-78.40127983870968,Casma,,PER
9105cc63,-12.0305,-77.1485,Callao,,PER
911064eb,-13.77751344325448,-76.24736698112734,Puerto Pisco,,PER
91ac7f89,-9.008987570873787,-78.62841643948221,Coishco,,PER
9105cb43,-12.0637925,-77.173865,Callao,,PER
91059fe9,-12.465406557142858,-76.80497937142857,Pucusana,,PER
904d460d,-7.395335340909091,-79.57948636363636,Playa Pacasmayo,,PER
91ab830f,-9.149165,-78.59665316666667,Chimbote,,PER
9105b7bd,-12.162300812720847,-77.03389106007067,Muelle Pescadores,,PER
91ab846b,-9.11932,-78.54851,Chimbote,,PER
903401ad,-3.7362061554667774,-80.77311106131205,Acapulco,,PER
9033f723,-3.6322533210762313,-80.5967377810572,Caleta Cruz,,PER
91ab806d,-9.024070022705867,-78.6334559077864,Coishco,,PER
91ad18e7,-8.22069994473636,-78.98315201491211,Salaverry,,PER
9049e14f,-5.0760924791599535,-81.08701531907596,Paita,,PER
91415af1,-17.01375,-72.10583,El Faro,,PER
9049e0e7,-5.058989048387098,-81.12856596774195,Paita,,PER
904cf105,-6.766328248727275,-79.9724491573818,San José,,PER
91444535,-17.678915733331994,-71.38369573333199,Lisas,,PER
910688d3,-11.569825352112675,-77.28278450704224,Chancay,,PER
91ab8413,-9.11773110344828,-78.54980096551722,Chimbote,,PER
904cf119,-6.764726217008798,-79.98156440860214,San José,,PER
9049e165,-5.055348456521739,-81.08129269565218,Paita,,PER
91abbbf1,-9.4486905,-78.400496,Casma,,PER
910720a9,-11.086122258703703,-77.64304374561725,Carquin,,PER
91445b3d,-17.641274829085877,-71.3605020166205,Ilo,,PER
91445ab9,-17.68563681818182,-71.36605863636365,Lisas,,PER
91ab82ff,-9.147061083688083,-78.61460084453917,Chimbote,,PER
9115dc17,-15.5528,-74.8572,Puerto de Lomas,,PER
9036a331,-3.96628,-80.976585,Punta Sal,,PER
9049e125,-5.067147644251622,-81.1117873274946,Paita,,PER
9110634f,-13.817317416382835,-76.26114946431782,Paracas,,PER
910688b7,-11.583192540092167,-77.27546061935483,Chancay,,PER
9145198d,-17.994370937974683,-70.89867886075947,Puerto Grau,,PER
91ab9a15,-9.253030934911243,-78.49766057396451,Samanco,,PER
9105b799,-12.164656033333332,-77.0302057,Muelle Pescadores,,PER
910739df,-10.79918,-77.744945,Puerto Supe,,PER
91445c99,-17.6035125,-71.3529275,Ilo,,PER
91ab800d,-9.021087337805264,-78.63513359384557,Coishco,,PER
9107376f,-10.795665575289016,-77.75862958652851,Puerto Supe,,PER
91166341,-15.351587799115045,-75.17376931061946,Acari,,PER
910688c7,-11.582425089615587,-77.27313556568791,Chancay,,PER
9049e0db,-5.068767045897552,-81.12705468505547,Paita,,PER
9105cdc9,-11.99368,-77.124155,Callao,,PER
904cfb35,-6.878065,-79.92394857142857,Santa Rosa,,PER
91ac7fdf,-8.986739058823531,-78.65409129411765,Puerto de Santa,,PER
90497ef5,-5.717429499106507,-80.85879001088148,Mata Cavallo,,PER
913fed01,-16.228971554777793,-73.69899575182758,La Punta,,PER
91ab9a5b,-9.235954625,-78.503836875,Samanco,,PER
9049e0c9,-5.073009626814606,-81.14043645210036,Paita,,PER
90497ee7,-5.704862755555556,-80.87108177185186,Mata Cavallo,,PER
90340053,-3.7343879704918024,-80.77406460357672,Acapulco,,PER
90497c51,-5.773252136035886,-80.86501461350201,Parachique,,PER
9036f2c3,-4.2129241046880495,-81.18057666818825,Ñuro,,PER
91ab83e3,-9.102581421283869,-78.5804194959726,Chimbote,,PER
91ad191f,-8.218394680517445,-78.97118321311903,Salaverry,,PER
9106df57,-11.088962365955295,-77.64294624260896,Carquin,,PER
91445b0f,-17.641751929920634,-71.34623758456846,Ilo,,PER
91107b17,-13.773553135094541,-76.29641794449127,PISCO,,PER
91107b11,-13.773419075590708,-76.30264314575254,PISCO,,PER
9105cc99,-12.039992236590283,-77.1679603445948,Callao,,PER
9105cc9f,-12.042649148265754,-77.16731098499999,Callao,,PER
91ab8075,-9.017403125112532,-78.63138235397234,Coishco,,PER
91ab8073,-9.02025617244466,-78.63139012753788,Coishco,,PER
91ab8071,-9.020368679474828,-78.62775209516437,Coishco,,PER
91415adf,-17.00271650856902,-72.12084581701698,MATARANI,,PER
91415b21,-16.99872760321308,-72.12061026617991,MATARANI,,PER
91445b59,-17.615777228422893,-71.36821715220188,Ilo,,PER
91445b51,-17.622938914195252,-71.37360005128102,Ilo,,PER
91445b5b,-17.622393645316848,-71.3681353429292,Ilo,,PER
91445b57,-17.61563101170607,-71.37248797133311,Ilo,,PER
91059fd9,-12.475367475269588,-76.79267473833843,Pucusana,,PER
9105ccb3,-12.032836528462507,-77.19068107073127,Callao,,PER
9105ccb5,-12.028402322409287,-77.19164411685898,Callao,,PER
9105ccb1,-12.032933025403947,-77.18598876867296,Callao,,PER
9105ccb7,-12.028583436987747,-77.18609148393271,Callao,,PER
9049e10d,-5.048892017818587,-81.10133161581159,Paita,,PER
9049e113,-5.053285785161833,-81.10117043279348,Paita,,PER
9105cc9b,-12.037861129927746,-77.16300695354705,Callao,,PER
9105cc9d,-12.043458810667675,-77.16317889861573,Callao,,PER
91ab83dd,-9.106063082398292,-78.59144066014944,Chimbote,,PER
91ab83e7,-9.105741999596663,-78.58609421285594,Chimbote,,PER
91415b35,-16.98338332036528,-72.13769314889754,MATARANI,,PER
91415b4b,-16.977974488260873,-72.13859788290777,BAHIA DE MATARANI,,PER
9110037f,-13.259430506692382,-76.31388825199879,MELCHORITA,,PER
91aa1687,-10.093719752561675,-78.19256086420087,HUARMEY,,PER
904970d1,-5.751519301876249,-81.02299855071085,PE PUB,,PER
903645eb,-4.574059221183344,-81.320023957042,TALARA,,PER
91aa168d,-10.098758151879371,-78.18146578148091,Huarney,,PER
904971bd,-5.797806230074406,-81.05012320572352,BAYOVAR,,PER
9106df05,-11.1232222222,-77.6148055556,Huacho,,PER
91ab81a1,-9.07383333333,-78.6115555556,Chimbote,,PER
9105cd89,-11.960944984519028,-77.1338238500461,Callao,,PER
9105cd85,-11.963113598522591,-77.14206579628657,Callao,,PER
9105cd87,-11.960091022347587,-77.14150924256445,Callao,,PER
9105cd83,-11.963424803170216,-77.14489123355138,Callao,,PER
9105cd81,-11.960415212652304,-77.14495530770276,Callao,,PER
9049e10f,-5.0491062194060365,-81.10575740878843,Paita,,PER
9049e11b,-5.053457764819929,-81.1106267274516,Paita,,PER
9049e111,-5.053474635161925,-81.10556750673955,Paita,,PER
9104334b,-12.029179150997887,-77.19757604815162,Callao,,PER
9104334d,-12.032722220451202,-77.19731617288105,Callao,,PER
9104334f,-12.032636516817458,-77.20277101566352,Callao,,PER
91043349,-12.029084538782584,-77.20296256572348,Callao,,PER
9106df11,-11.117525887738418,-77.62298378604244,Huacho,,PER
9105cd25,-11.995061737057839,-77.18039310658602,Callao,,PER
9105ccd9,-12.004817601710595,-77.18053461423465,Callao,,PER
9105cd27,-12.000100870941356,-77.180356989519,Callao,,PER
9105cd21,-11.999860609324122,-77.1758236727452,Callao,,PER
914467f3,-17.5111388889,-71.3615277778,TABLONES,,PER
9049e115,-5.0579848890859065,-81.10121211804488,Paita,,PER
910432e3,-12.002362842131019,-77.22527152553481,Callao,,PER
910432e5,-11.997158616809603,-77.22595753270016,Callao,,PER
910432fd,-12.002481809403758,-77.23094283693561,Callao,,PER
91ab8161,-9.096342454734708,-78.59112175361216,Chimbote,,PER
91ab83df,-9.101409130319361,-78.59130587153183,Chimbote,,PER
91ab83e1,-9.100674756689848,-78.58622823393551,Chimbote,,PER
91168bdb,-15.228296702538556,-75.2562101740305,San Nicolas,,PER
9105ccc9,-12.022705067840125,-77.18576246562478,Callao,,PER
9105cccb,-12.023097088272637,-77.19163422392178,Callao,,PER
9105cccf,-12.017385217148288,-77.18573568207323,Callao,,PER
9105cccd,-12.017915881566555,-77.1918478734387,Callao,,PER
91ab83f1,-9.112338388130162,-78.57622487534246,Chimbote,,PER
9105ccbb,-12.033357117495413,-77.18108000440634,Callao,,PER
9105ccb9,-12.02788269552444,-77.18045259992091,Callao,,PER
9049e0b1,-5.0746268909319925,-81.14803365345078,Paita,,PER
9049e0b7,-5.074995713902135,-81.14672915243864,Paita,,PER
91043331,-12.018002971630509,-77.20242954555201,Callao,,PER
91043335,-12.023339893515942,-77.1973332608975,Callao,,PER
91043333,-12.01781802388373,-77.1974978042404,Callao,,PER
91043337,-12.023503922833553,-77.20271159758299,Callao,,PER
9036444d,-4.5641889237729565,-81.29221078334628,TALARA,,PER
91abbbe3,-9.45580555556,-78.3861388889,Casma,,PER
904cfabf,-6.83652777778,-79.9382777778,Pimentel,,PER
9105cced,-12.02258214835902,-77.16363072899613,Callao,,PER
910432c1,-11.98530062994391,-77.21415567898975,Callao,,PER
910432c3,-11.990706418663132,-77.21393152698373,Callao,,PER
9105cd3b,-11.989124251368638,-77.18056052866362,Callao,,PER
910432c5,-11.990305200829832,-77.2093448709025,Callao,,PER
910432c7,-11.985426378067576,-77.20904027173948,Callao,,PER
91107b3d,-13.772953587014923,-76.29214159055057,PISCO,,PER
91ab83db,-9.106086082739033,-78.59768000776891,Chimbote,,PER
91ab83d1,-9.106633216357624,-78.60271707354528,Chimbote,,PER
9105cd33,-11.989676568618334,-77.19162512827762,Callao,,PER
9105cd31,-11.98964693314519,-77.18632930067928,Callao,,PER
914467ef,-17.50869363443899,-71.36640339995076,TABLONES,,PER
903645b7,-4.569184181151057,-81.30453421821566,TALARA,,PER
903645c9,-4.573057448493621,-81.30444445159841,TALARA,,PER
903645cb,-4.57305555556,-81.2983888889,TALARA,,PER
91ab8393,-9.120976103432755,-78.57977818151086,Chimbote,,PER
9105cc79,-12.042423309021979,-77.14172362144035,Callao,,PER
9105cc7d,-12.039854205031197,-77.14386135092822,Callao,,PER
9105ccc7,-12.02256396889256,-77.1803729364395,Callao,,PER
9105cc7b,-12.039882987700233,-77.1413037165908,Callao,,PER
9105ccc5,-12.016793195714898,-77.18025479507126,Callao,,PER
91073761,-10.8005,-77.7454722222,Puerto Supe,,PER
91ab9a3f,-9.250026466103145,-78.5010588430179,Samanco,,PER
91aa1661,-10.087348056590878,-78.1823629195558,Huarney,,PER
904970df,-5.761584154969365,-81.02689930412423,PE PUB,,PER
9105cd9b,-11.968910212339672,-77.1403226179689,Callao,,PER
91ad18db,-8.228077271204391,-78.98347843219838,Salaverry,,PER
91ad18dd,-8.226862657335221,-78.98385496022932,Salaverry,,PER
91ab8473,-9.123925055902525,-78.55806478319812,Chimbote,,PER
91ab8475,-9.123006775941448,-78.56378203302619,Chimbote,,PER
91ab8471,-9.124713612569852,-78.55822844084881,Chimbote,,PER
91445b0d,-17.636711902004784,-71.346509992362,Ilo,,PER
91445b13,-17.63919399247706,-71.34890103300458,Ilo,,PER
91445b11,-17.641464887979097,-71.3491005987525,Ilo,,PER
91445b15,-17.63900110442859,-71.3545751742048,Ilo,,PER
91445b17,-17.64180329143568,-71.35450547576825,Ilo,,PER
903645c7,-4.573518999230457,-81.30938412789611,TALARA,,PER
903645b9,-4.569338616078269,-81.30935046705441,TALARA,,PER
903645c1,-4.573400197103919,-81.31485703442435,TALARA,,PER
903645bf,-4.569282997526901,-81.31464443357403,TALARA,,PER
9105d2c7,-11.931775930767687,-77.18122778764118,LA PAMPILLA,,PER
91168bd9,-15.228264513640129,-75.25182120321595,San Nicolas,,PER
91168bd7,-15.231843800338426,-75.25119258678225,San Nicolas,,PER
9105cd71,-11.971650124803363,-77.1565674511577,Callao,,PER
91168987,-15.251696180970924,-75.24225167688147,San Nicolas,,PER
903645b1,-4.563985430180752,-81.30505889071495,TALARA,,PER
903645bd,-4.56450597934851,-81.31490600501529,TALARA,,PER
903645a5,-4.559843636771696,-81.3096183207252,TALARA,,PER
9116898f,-15.253634694785442,-75.24042605718053,San Nicolas,,PER
903645bb,-4.564014774156343,-81.3093736342357,TALARA,,PER
91445ca7,-17.611007272666498,-71.36829318417884,Ilo,,PER
91445ca9,-17.61157283554845,-71.37283649747503,Ilo,,PER
91aa16f1,-10.0973055556,-78.1713611111,Huarney,,PER
91ab8381,-9.137111636001173,-78.56877763254889,Chimbote,,PER
91043347,-12.028564267670863,-77.20945676977738,Callao,,PER
91043341,-12.028029151295476,-77.21399288499912,Callao,,PER
91ad18ed,-8.216297045859013,-78.99232022651778,Salaverry,,PER
9105ccdf,-12.005109367954802,-77.17556853682672,Callao,,PER
9105cd0d,-11.98128356505305,-77.15667460306514,Callao,,PER
91043305,-12.013403196288918,-77.2309846808195,Callao,,PER
9104331b,-12.013493368859686,-77.22578247661303,Callao,,PER
9104331d,-12.007840069999576,-77.22549584464267,Callao,,PER
91043303,-12.008713261364436,-77.23141229149529,Callao,,PER
91445b1b,-17.64880481192766,-71.35220774522827,ILO,,PER
91445b19,-17.64865476880838,-71.35330761102232,ILO,,PER
9105cc7f,-12.044070977750788,-77.14500341417012,Callao,,PER
9105cc81,-12.042910603975217,-77.15055753845363,Callao,,PER
91ab8477,-9.128347036577637,-78.56505751401487,Chimbote,,PER
91ab838f,-9.127259577470358,-78.57327688619225,Chimbote,,PER
91ab8387,-9.132295531967891,-78.56861530034102,Chimbote,,PER
91ab8389,-9.12724082329571,-78.5690701554737,Chimbote,,PER
91ab8385,-9.13232083454558,-78.57344057425638,Chimbote,,PER
9049e13d,-5.063710068742876,-81.10669989824238,Paita,,PER
9049e117,-5.058477539438367,-81.10568154754009,Paita,,PER
9049e119,-5.058402311684452,-81.11040210559284,Paita,,PER
90497199,-5.793808888497249,-81.05444979584965,BAYOVAR,,PER
91073765,-10.794713311451366,-77.75393194191797,Puerto Supe,,PER
9107377b,-10.791184895148078,-77.75411755559382,Puerto Supe,,PER
91ab83f7,-9.112680432634816,-78.57057312387315,Chimbote,,PER
91043311,-12.019096608552728,-77.22499807794166,Callao,,PER
91043315,-12.024091018008463,-77.2203369545488,Callao,,PER
91043313,-12.024186735860109,-77.22465706993175,Callao,,PER
91043317,-12.019000590924216,-77.22052843713064,Callao,,PER
914455fb,-17.786197531486135,-71.19979337515034,ILO,,PER
91067ffb,-11.770658981787971,-77.18423965664701,Ancon,,PER
91067ff1,-11.771966740619577,-77.1815212330382,Ancon,,PER
91415b23,-16.994083970511475,-72.12065628010703,MATARANI,,PER
91415b19,-16.994619233113713,-72.11565255124246,MATARANI,,PER
91168965,-15.226291179397903,-75.23962557087755,San Nicolas,,PER
9116897b,-15.231848135923455,-75.23952378020728,San Nicolas,,PER
9116897d,-15.231894745317243,-75.24434054253538,San Nicolas,,PER
91168963,-15.22826784404111,-75.24416990312932,San Nicolas,,PER
91415b1d,-16.999068812431478,-72.10854750889936,Matarani,,PER
91415ae3,-17.001258789774845,-72.1094560425372,Matarani,,PER
91415b1f,-16.997821328268753,-72.1137813799708,MATARANI,,PER
91415ae1,-17.00323645936895,-72.11305321483499,MATARANI,,PER
91415b03,-16.998119794210776,-72.10588218543359,Matarani,,PER
904970e7,-5.766428760533528,-81.02296674517082,BAYOVAR PERU,,PER
9105cd29,-12.000842924961855,-77.18633832721365,Callao,,PER
9105cd2f,-11.995113199327482,-77.18631424036217,Callao,,PER
9105cd2d,-11.995687808676445,-77.19191858021945,Callao,,PER
904970e9,-5.7668232995335345,-81.01751024787441,PE PUB,,PER
9105cd2b,-12.00051766180011,-77.19181550418959,Callao,,PER
91ab8479,-9.131964446033843,-78.56494550670833,Chimbote,,PER
91ad189d,-8.215217877730268,-79.0163115014152,SALAVERRY,,PER
91ad189f,-8.221223694268259,-79.01590452934275,SALAVERRY,,PER
9105cd7f,-11.960523005406042,-77.14983267692543,Callao,,PER
9105cd79,-11.963780349006234,-77.14937793456139,Callao,,PER
91ad18bd,-8.225572838350805,-79.00616455932719,SALAVERRY,,PER
91ad18a3,-8.22577360071951,-79.01068075454687,SALAVERRY,,PER
91ad18a5,-8.230862704668448,-79.01068605581766,SALAVERRY,,PER
91106519,-13.746039963762872,-76.24616151970447,PER-37,,PER
91445ac5,-17.67042879089886,-71.36591329500513,Lisas,,PER
91445b4f,-17.628392086208827,-71.37308234004364,Ilo,,PER
91445b45,-17.628348867945128,-71.3687561086221,Ilo,,PER
91445b47,-17.63160924767416,-71.36819623281654,Ilo,,PER
9105cc93,-12.0261852882117,-77.16322834059397,Callao,,PER
9105ccbf,-12.027104677602793,-77.17382004575953,Callao,,PER
9105cc97,-12.032549686115946,-77.16832596545812,Callao,,PER
9105cc95,-12.026538274810697,-77.16929424389487,Callao,,PER
91415b27,-16.999223453367897,-72.12632181775162,MATARANI,,PER
91415b29,-16.999648904966477,-72.13253885498932,MATARANI,,PER
9105b793,-12.155041645649373,-77.02681992390312,CHORRILLOS,,PER
91168961,-15.220533843970973,-75.2450732357562,San Nicolas,,PER
91ad1897,-8.220248196446327,-79.00619664804655,SALAVERRY,,PER
91ad2209,-8.231341627949972,-79.02193653420125,SALAVERRY,,PER
91ad1899,-8.220703891446297,-79.01027567822867,SALAVERRY,,PER
91ad189b,-8.216175604290944,-79.01070498909394,SALAVERRY,,PER
91ad18a7,-8.231360796662328,-79.01663364863407,SALAVERRY,,PER
91ad220b,-8.225881219031413,-79.0216746489193,SALAVERRY,,PER
91ad18a1,-8.226055626207653,-79.01685310263105,SALAVERRY,,PER
91043323,-12.012885041339262,-77.21461235721277,Callao,,PER
91043325,-12.013149597020728,-77.20933130716851,Callao,,PER
91043327,-12.007155726201116,-77.2090095530364,Callao,,PER
91043321,-12.007327709488687,-77.21442812001165,Callao,,PER
91107b0f,-13.77361373543187,-76.30896381788662,PISCO,,PER
91107b5f,-13.801802445267725,-76.29055888880805,PISCO,,PER
91074bdb,-10.684761814592413,-77.84341688540226,PARAMONGA,,PER
91168be1,-15.214895760689632,-75.25054945486066,San Nicolas,,PER
904970c1,-5.761800257720161,-81.01176803521149,PE PUB,,PER
904d4609,-7.39825,-79.5716666667,Playa Pacasmayo,,PER
910432e1,-12.00206064444464,-77.220269315311,Callao,,PER
910432e7,-11.996999922530394,-77.22048731618766,Callao,,PER
9105ccc3,-12.017238194549579,-77.17438570452862,Callao,,PER
9105cce9,-12.01721271769844,-77.16892211864138,Callao,,PER
9105ccc1,-12.022643961443823,-77.17403694489755,Callao,,PER
9105cceb,-12.022686434766428,-77.1691848975722,Callao,,PER
9105cb6f,-12.062137467655619,-77.16318643225092,Callao,,PER
90339249,-3.4995,-80.3895555556,Puerto Pizarro,,PER
9033f839,-3.66780555556,-80.6541388889,ZORRITOS,,PER
9105d28d,-11.936701004790585,-77.15557285169797,LA PAMPILLA OIL TERMINAL,,PER
9105cb69,-12.062239446987919,-77.16652060655238,Callao,,PER
91ad220d,-8.22624317172483,-79.02806925892985,SALAVERRY,,PER
91ad220f,-8.230976803101653,-79.02807997847428,SALAVERRY,,PER
91043319,-12.013004172423232,-77.22020988054504,Callao,,PER
9104331f,-12.008376719084989,-77.2204995481778,Callao,,PER
914159db,-17.0306944444,-72.0155833333,MOLLENDO,,PER
91415b47,-16.977309797336993,-72.12856870429677,MATARANI,,PER
91415b49,-16.977064235027477,-72.1323743691318,MATARANI,,PER
91415b39,-16.982342905460477,-72.127191502318,MATARANI,,PER
91415b37,-16.982259533929454,-72.13230378313726,MATARANI,,PER
910557bf,-13.0280555556,-76.4830555556,Cerro Azul,,PER
9052aa37,-7.689190503184293,-79.44878223380516,Malabrigo,,PER
9052aa49,-7.689369573692148,-79.4462638633235,Malabrigo,,PER
903645d1,-4.582428342386616,-81.30177460864552,TALARA,,PER
9105d2e3,-11.916377657363805,-77.16142247766138,LA PAMPILLA OIL TERMINAL,,PER
9105d2f1,-11.923788669702363,-77.15559962380647,LA PAMPILLA OIL TERMINAL,,PER
9104332f,-12.011902426879898,-77.20255632019679,Callao,,PER
9104332b,-12.006627244997246,-77.1975522080836,Callao,,PER
9104332d,-12.011626847305147,-77.19719756064542,Callao,,PER
91043329,-12.007327004510161,-77.20254374758434,Callao,,PER
9105ba53,-12.253324251594996,-76.96667361951062,CONCHAN,,PER
9105cb77,-12.058700265755009,-77.15187907372798,Callao,,PER
9110633b,-13.831989886218958,-76.25673383327043,Paracas,,PER
91ab83d7,-9.102219978784067,-78.60322208902154,Chimbote,,PER
91ab83d9,-9.101602310465406,-78.59705484196331,Chimbote,,PER
910688c9,-11.580407887527832,-77.27822360500132,Chancay,,PER
910688cf,-11.575916453509683,-77.27855335367555,Chancay,,PER
91aa1667,-10.083520384475571,-78.18282791967982,Huarney,,PER
91107b1d,-13.761344010162997,-76.30287529061727,PISCO,,PER
9052aa53,-7.69536111111,-79.4359166667,Malabrigo,,PER
9105cd67,-11.963582435432107,-77.16954365855962,Callao,,PER
9104333b,-12.018437288567258,-77.20937859487732,Callao,,PER
91043339,-12.023904655409837,-77.2098026251678,Callao,,PER
9104333f,-12.024470302025803,-77.21467508411988,Callao,,PER
9104333d,-12.018488773901398,-77.21451894373956,Callao,,PER
9116897f,-15.236293244345621,-75.24455833407289,San Nicolas,,PER
91168979,-15.236803831892868,-75.24053464757841,San Nicolas,,PER
910688b9,-11.5852777778,-77.2731388889,Chancay,,PER
9141577d,-17.041502533260374,-72.00733517590982,MOLLENDO,,PER
9141577b,-17.04293668610609,-72.0065897859506,MOLLENDO,,PER
911064bb,-13.788529678845418,-76.25501126636013,PISCO,,PER
904ce245,-6.956581897959556,-79.85818026860454,ETEN,,PER
911013bd,-13.469038560132098,-76.20350416975019,TAMBO DE MORA,,PER
911013a3,-13.47376685716275,-76.20330920693067,TAMBO DE MORA,,PER
904ce269,-6.966937650161343,-79.86181065031894,ETEN,,PER
904ce26f,-6.967693548478756,-79.86214610405612,ETEN,,PER
904971cf,-5.81432564845166,-81.038490974866,Bajovar,,PER
91415b3b,-16.98819973737144,-72.12668059945365,MATARANI,,PER
91415b25,-16.993741332905593,-72.12675866700094,MATARANI,,PER
91415b31,-16.98901693339561,-72.13200262636886,MATARANI,,PER
91415b2f,-16.994151319637748,-72.1319048824192,MATARANI,,PER
91057561,-12.4799166667,-76.7997222222,Pucusana,,PER
9033f727,-3.625263842603157,-80.59125632880335,Caleta Cruz,,PER
91107ad3,-13.750479908771116,-76.27355328270414,PISCO,,PER
9110652b,-13.754466341458558,-76.26896956649679,PISCO,,PER
91107ad5,-13.754861173882755,-76.2729087329932,PISCO,,PER
9110652d,-13.751216900112958,-76.26876991398797,PISCO,,PER
91ad18a9,-8.235966257612713,-79.01585052304202,SALAVERRY,,PER
904970dd,-5.76191633070428,-81.02368531068453,PE PUB,,PER
904970c3,-5.761997356508358,-81.01716986999853,PE PUB,,PER
91ad2205,-8.236989513667012,-79.02787378675539,SALAVERRY,,PER
904970c5,-5.756820067880655,-81.01845329661138,BAYOVAR,,PER
904970db,-5.756449205660799,-81.02258028378162,BAYOVAR,,PER
9105cdad,-11.997487596698022,-77.14192740483765,Callao,,PER
9105cdab,-11.99697549207563,-77.14417230841198,Callao,,PER
9104336b,-12.028070504045175,-77.21955501035916,Callao,,PER
910432dd,-11.996536649553065,-77.21446775928459,Callao,,PER
910432d9,-12.001512990582038,-77.20873766334178,Callao,,PER
910432df,-12.001998163687627,-77.21461528385541,Callao,,PER
910432db,-11.995837925209369,-77.2087892096156,Callao,,PER
911064a5,-13.792601095496595,-76.25497953616058,PISCO,,PER
911064bd,-13.787483421929553,-76.25186263436129,PISCO,,PER
911064a3,-13.792318504907291,-76.25224207567868,PISCO,,PER
91ab9a3d,-9.25588888889,-78.4981111111,Samanco,,PER
91074bd1,-10.685183600623462,-77.84400320505365,PARAMONGA,,PER
91406f7b,-16.405199,-73.219152,La Planchada,,PER
904ce3af,-6.93375,-79.8663333333,Muelle de Etén,,PER
9049e0d7,-5.073297644170233,-81.12222281602085,Paita,,PER
9105ccd7,-12.005959296167081,-77.18596331506966,Callao,,PER
9105ccd5,-12.005663136752569,-77.19184313779732,Callao,,PER
9105ccd3,-12.012103641314358,-77.1916325859439,Callao,,PER
9105ccd1,-12.012111677320332,-77.18595140303391,Callao,,PER
91ab819f,-9.078702947267404,-78.61433628161156,Chimbote,,PER
91ab8175,-9.077621374723584,-78.61135441818739,Chimbote,,PER
91ab83f3,-9.116134922087086,-78.57295311301365,Chimbote,,PER
91ab838b,-9.122759627420509,-78.56877556812096,Chimbote,,PER
91ab838d,-9.122692075962991,-78.57378249415862,Chimbote,,PER
91ab83f5,-9.116581575888025,-78.5703541617595,Chimbote,,PER
914467e9,-17.503101393020877,-71.36680576397384,TABLONES,,PER
9105cb6d,-12.065193578660448,-77.16310412966365,Callao,,PER
9105cb81,-12.049496840825025,-77.14529683780937,Callao,,PER
9105cb79,-12.053737790397747,-77.14997200314602,Callao,,PER
9105cb83,-12.05292244680533,-77.14604297593158,Callao,,PER
9105cb7f,-12.051241161971015,-77.15108978275704,Callao,,PER
910432d3,-11.995799416305458,-77.19730288985,Callao,,PER
910432d5,-12.001316449124245,-77.19762025394512,Callao,,PER
910432d7,-12.001140065885238,-77.20299078498813,Callao,,PER
910432d1,-11.995962664223823,-77.20299053435427,Callao,,PER
9105bb99,-12.25277700314764,-76.93909016039494,CONCHAN,,PER
90364449,-4.568456386276052,-81.28848628439124,TALARA,,PER
9036444b,-4.569004111800618,-81.29249160428648,TALARA,,PER
9049e133,-5.080996947995299,-81.10725553750845,Paita,,PER
9052aa39,-7.684664916356712,-79.4497278666473,Malabrigo,,PER
9052aa47,-7.684892120371877,-79.44624248490561,Malabrigo,,PER
9049e6d3,-5.0821615273436445,-81.10876103622587,Paita,,PER
9049e12d,-5.081085125105649,-81.10912586869384,Paita,,PER
9049e6cd,-5.08270027030124,-81.10804858337282,Paita,,PER
91ad18af,-8.236211838939337,-79.01066086319234,SALAVERRY,,PER
910726a9,-10.999958674909077,-77.66050181453362,Vegeta,,PER
91072403,-10.997018473039276,-77.66088367954683,Vegeta,,PER
91072401,-10.99743579043926,-77.65796044035092,Vegeta,,PER
910726ab,-11.00006338470425,-77.65791206639894,Vegeta,,PER
9036443f,-4.572252753718722,-81.27621728720662,Talara,,PER
90364439,-4.574391992581083,-81.28168648654388,Talara,,PER
911064d3,-13.76749620127767,-76.26563752885461,PISCO,,PER
911064bf,-13.783132186429812,-76.25192679605503,PISCO,,PER
911064b9,-13.783468336053227,-76.25485854479442,PISCO,,PER
910432cd,-11.99009754621879,-77.1973022910059,Callao,,PER
910432cf,-11.990025989665615,-77.2030493445622,Callao,,PER
910432c9,-11.985075359296529,-77.20276212604236,Callao,,PER
903645e9,-4.578991816250375,-81.32062908086773,TALARA,,PER
913fecfd,-16.230163619523545,-73.70353100679438,La Punta,,PER
913fecff,-16.228470760530293,-73.7040783333333,La Punta,,PER
9116634f,-15.35875,-75.1613611111,Acari,,PER
9105bb9d,-12.259748112926172,-76.93151652667353,CONCHAN,,PER
9105bb77,-12.260223770018536,-76.93163392468728,CONCHAN,,PER
